[
{
  "model": "services.office",
  "pk": 1,
  "fields": {
    "office_name": "Village Office",
    "district": "Kozhikode",
    "description": "A village office handles crucial functions like maintaining land records, collecting taxes, issuing certificates, and managing government land. These offices are the primary point of contact for citizens regarding local administration and government schemes."
  }
},
{
  "model": "services.office",
  "pk": 2,
  "fields": {
    "office_name": "Thaluk Office",
    "district": "Kozhikode",
    "description": "A taluk office is a government administrative unit, headed by a Tahsildar and responsible for revenue collection and land management. Key functions include maintaining land records, collecting land and building taxes, and overseeing land assignment and transfers."
  }
},
{
  "model": "services.office",
  "pk": 3,
  "fields": {
    "office_name": "Panchayat Office",
    "district": "Kozhikode",
    "description": "The panchayat office oversees local development programs, welfare schemes, building permits, sanitation and maintenance of records for residents of the panchayat area."
  }
},
{
  "model": "services.office",
  "pk": 4,
  "fields": {
    "office_name": "RTO",
    "district": "Kozhikode",
    "description": "The RTO manages transport administration including driving licenses, vehicle registrations, tax payments and vehicle fitness inspections within its jurisdiction."
  }
},
{
  "model": "services.office",
  "pk": 5,
  "fields": {
    "office_name": "Passport Seva Kendra",
    "district": "Kozhikode",
    "description": "The official service center for Indian passport-related procedures. Provides facilities for new passport applications, renewals, re-issue, corrections. Operates under Ministry of External Affairs and offer a token-based system to ensure faster processing and service delivery."
  }
},
{
  "model": "services.office",
  "pk": 6,
  "fields": {
    "office_name": "Municipality Office",
    "district": "Kozhikode",
    "description": "The Municipality office handles key civic services including birth and death certificates, marriage registration, building permits, trade licenses, property tax processing and sanitation services. it serves as the primary administrative body for urban governance."
  }
},
{
  "model": "services.document",
  "pk": 1,
  "fields": {
    "name": "Adhaar Card"
  }
},
{
  "model": "services.document",
  "pk": 2,
  "fields": {
    "name": "SSLC Certificate"
  }
},
{
  "model": "services.document",
  "pk": 3,
  "fields": {
    "name": "Salary Slip"
  }
},
{
  "model": "services.document",
  "pk": 4,
  "fields": {
    "name": "Photo"
  }
},
{
  "model": "services.document",
  "pk": 5,
  "fields": {
    "name": "Proof of Residence"
  }
},
{
  "model": "services.document",
  "pk": 6,
  "fields": {
    "name": "Ration Card"
  }
},
{
  "model": "services.document",
  "pk": 7,
  "fields": {
    "name": "Address Proof"
  }
},
{
  "model": "services.document",
  "pk": 8,
  "fields": {
    "name": "Application Form"
  }
},
{
  "model": "services.document",
  "pk": 9,
  "fields": {
    "name": "Property Details"
  }
},
{
  "model": "services.document",
  "pk": 10,
  "fields": {
    "name": "Previous Tax Receipt"
  }
},
{
  "model": "services.document",
  "pk": 11,
  "fields": {
    "name": "Learners License"
  }
},
{
  "model": "services.document",
  "pk": 12,
  "fields": {
    "name": "Driving School Certificate ( if applicable )"
  }
},
{
  "model": "services.document",
  "pk": 13,
  "fields": {
    "name": "Sale Invoice"
  }
},
{
  "model": "services.document",
  "pk": 14,
  "fields": {
    "name": "Insurance Certificate"
  }
},
{
  "model": "services.document",
  "pk": 15,
  "fields": {
    "name": "PAN Card"
  }
},
{
  "model": "services.document",
  "pk": 16,
  "fields": {
    "name": "Wedding Invitation"
  }
},
{
  "model": "services.document",
  "pk": 17,
  "fields": {
    "name": "Two witness proof with ID"
  }
},
{
  "model": "services.document",
  "pk": 18,
  "fields": {
    "name": "Hospital Report"
  }
},
{
  "model": "services.document",
  "pk": 19,
  "fields": {
    "name": "ID proof"
  }
},
{
  "model": "services.document",
  "pk": 20,
  "fields": {
    "name": "Cremation/Burial Certificate"
  }
},
{
  "model": "services.document",
  "pk": 21,
  "fields": {
    "name": "Birth Certificate"
  }
},
{
  "model": "services.document",
  "pk": 22,
  "fields": {
    "name": "Self-Declaration (Annexure E)"
  }
},
{
  "model": "services.service",
  "pk": 1,
  "fields": {
    "title": "Income Certificate",
    "is_popular": true,
    "office": 1,
    "description": "Income Certificate is an official government document that verifies an individual's or family's total annual income from all sources, such as salaries, wages, pensions, and rental income.",
    "icon": "📑",
    "photo_url": null,
    "service_type": "Offline/Online",
    "processing_time": "5-6 Days",
    "validity": "1yr"
  }
},
{
  "model": "services.service",
  "pk": 2,
  "fields": {
    "title": "Residential Certificate",
    "is_popular": false,
    "office": 1,
    "description": "The village office issues residential certificates confirming the applicant's place of residence, required for school admissions, government schemes and legal verifications.",
    "icon": "📑",
    "photo_url": null,
    "service_type": "Offline/Online",
    "processing_time": "1-3 Days",
    "validity": "Permanent"
  }
},
{
  "model": "services.service",
  "pk": 3,
  "fields": {
    "title": "Land Tax",
    "is_popular": true,
    "office": 1,
    "description": "Payment of yearly land tax and issuance of tax receipt used for ownership verification, loans and mutations.",
    "icon": "📑",
    "photo_url": null,
    "service_type": "Offline",
    "processing_time": "5-15 minutes",
    "validity": "1yr"
  }
},
{
  "model": "services.service",
  "pk": 4,
  "fields": {
    "title": "Driving License",
    "is_popular": true,
    "office": 4,
    "description": "Application for a new driving license after holding a learner's license and passing the driving skill test.",
    "icon": "💳",
    "photo_url": null,
    "service_type": "Offline",
    "processing_time": "7-14 Days",
    "validity": "20 years (till 40 age)"
  }
},
{
  "model": "services.service",
  "pk": 5,
  "fields": {
    "title": "RC Registration",
    "is_popular": false,
    "office": 4,
    "description": "Registration of a newly purchased vehicle and issuance of the official Registration Certificate.",
    "icon": "📑",
    "photo_url": null,
    "service_type": "Offline",
    "processing_time": "5-10 Days",
    "validity": "15yrs"
  }
},
{
  "model": "services.service",
  "pk": 6,
  "fields": {
    "title": "Marriage Registration",
    "is_popular": true,
    "office": 6,
    "description": "Legal registration of marriage under the Kerala Registration of Marriage Rules. Necessary for passports, visas, and legal proof of marriage.",
    "icon": "📑",
    "photo_url": null,
    "service_type": "Offline",
    "processing_time": "7-14 Days",
    "validity": "Lifetime"
  }
},
{
  "model": "services.service",
  "pk": 7,
  "fields": {
    "title": "Death Certificate",
    "is_popular": false,
    "office": 6,
    "description": "Registration and issuance of an official death certificate required for insurance claims, legal procedures and inheritance processes.",
    "icon": "📑",
    "photo_url": null,
    "service_type": "Offline",
    "processing_time": "1-3 Days",
    "validity": "Lifetime"
  }
},
{
  "model": "services.service",
  "pk": 8,
  "fields": {
    "title": "Passport",
    "is_popular": true,
    "office": 5,
    "description": "Application for individuals applying for an Indian passport for first time. Includes verification, biometrics and police verification.",
    "icon": "💳",
    "photo_url": null,
    "service_type": "Offline/Online",
    "processing_time": "20-30 Days",
    "validity": "10yrs"
  }
},
{
  "model": "services.servicedocument",
  "pk": 1,
  "fields": {
    "service": 1,
    "document": 1
  }
},
{
  "model": "services.servicedocument",
  "pk": 2,
  "fields": {
    "service": 1,
    "document": 3
  }
},
{
  "model": "services.servicedocument",
  "pk": 3,
  "fields": {
    "service": 1,
    "document": 4
  }
},
{
  "model": "services.servicedocument",
  "pk": 4,
  "fields": {
    "service": 2,
    "document": 1
  }
},
{
  "model": "services.servicedocument",
  "pk": 5,
  "fields": {
    "service": 2,
    "document": 6
  }
},
{
  "model": "services.servicedocument",
  "pk": 6,
  "fields": {
    "service": 2,
    "document": 7
  }
},
{
  "model": "services.servicedocument",
  "pk": 7,
  "fields": {
    "service": 2,
    "document": 8
  }
},
{
  "model": "services.servicedocument",
  "pk": 8,
  "fields": {
    "service": 3,
    "document": 1
  }
},
{
  "model": "services.servicedocument",
  "pk": 9,
  "fields": {
    "service": 3,
    "document": 9
  }
},
{
  "model": "services.servicedocument",
  "pk": 10,
  "fields": {
    "service": 3,
    "document": 10
  }
},
{
  "model": "services.servicedocument",
  "pk": 11,
  "fields": {
    "service": 4,
    "document": 1
  }
},
{
  "model": "services.servicedocument",
  "pk": 12,
  "fields": {
    "service": 4,
    "document": 11
  }
},
{
  "model": "services.servicedocument",
  "pk": 13,
  "fields": {
    "service": 4,
    "document": 4
  }
},
{
  "model": "services.servicedocument",
  "pk": 14,
  "fields": {
    "service": 4,
    "document": 7
  }
},
{
  "model": "services.servicedocument",
  "pk": 15,
  "fields": {
    "service": 4,
    "document": 12
  }
},
{
  "model": "services.servicedocument",
  "pk": 16,
  "fields": {
    "service": 5,
    "document": 8
  }
},
{
  "model": "services.servicedocument",
  "pk": 17,
  "fields": {
    "service": 5,
    "document": 13
  }
},
{
  "model": "services.servicedocument",
  "pk": 18,
  "fields": {
    "service": 5,
    "document": 14
  }
},
{
  "model": "services.servicedocument",
  "pk": 19,
  "fields": {
    "service": 5,
    "document": 15
  }
},
{
  "model": "services.servicedocument",
  "pk": 20,
  "fields": {
    "service": 5,
    "document": 7
  }
},
{
  "model": "services.servicedocument",
  "pk": 21,
  "fields": {
    "service": 6,
    "document": 1
  }
},
{
  "model": "services.servicedocument",
  "pk": 22,
  "fields": {
    "service": 6,
    "document": 17
  }
},
{
  "model": "services.servicedocument",
  "pk": 23,
  "fields": {
    "service": 6,
    "document": 4
  }
},
{
  "model": "services.servicedocument",
  "pk": 24,
  "fields": {
    "service": 7,
    "document": 18
  }
},
{
  "model": "services.servicedocument",
  "pk": 25,
  "fields": {
    "service": 7,
    "document": 1
  }
},
{
  "model": "services.servicedocument",
  "pk": 26,
  "fields": {
    "service": 7,
    "document": 19
  }
},
{
  "model": "services.servicedocument",
  "pk": 27,
  "fields": {
    "service": 7,
    "document": 20
  }
},
{
  "model": "services.servicedocument",
  "pk": 28,
  "fields": {
    "service": 8,
    "document": 1
  }
},
{
  "model": "services.servicedocument",
  "pk": 29,
  "fields": {
    "service": 8,
    "document": 21
  }
},
{
  "model": "services.servicedocument",
  "pk": 30,
  "fields": {
    "service": 8,
    "document": 7
  }
},
{
  "model": "services.servicedocument",
  "pk": 31,
  "fields": {
    "service": 8,
    "document": 4
  }
},
{
  "model": "services.servicedocument",
  "pk": 32,
  "fields": {
    "service": 8,
    "document": 22
  }
},
{
  "model": "services.servicephoto",
  "pk": 1,
  "fields": {
    "service": 1,
    "photo_url": "https://khatabook-assets.s3.amazonaws.com/media/post/yfn_CzJ6LyTK4iZKE9RD3tWIW5nu7mhg9uEPnDJsFHDDrnqTj2Dl_m_8Q8Y6e3U8S55oW9Ui8GEVgAdczDAxXN44QSmto--nGvgAFexLRvjaUvHVpmCfqmnt5djxD14abK0gh2s.webp",
    "caption": "Income Certifcate"
  }
},
{
  "model": "services.servicephoto",
  "pk": 2,
  "fields": {
    "service": 2,
    "photo_url": "https://khatabook-assets.s3.amazonaws.com/media/post/yfn_CzJ6LyTK4iZKE9RD3tWIW5nu7mhg9uEPnDJsFHDDrnqTj2Dl_m_8Q8Y6e3U8S55oW9Ui8GEVgAdczDAxXN44QSmto--nGvgAFexLRvjaUvHVpmCfqmnt5djxD14abK0gh2s.webp",
    "caption": "Sample"
  }
},
{
  "model": "services.servicephoto",
  "pk": 3,
  "fields": {
    "service": 3,
    "photo_url": "https://khatabook-assets.s3.amazonaws.com/media/post/yfn_CzJ6LyTK4iZKE9RD3tWIW5nu7mhg9uEPnDJsFHDDrnqTj2Dl_m_8Q8Y6e3U8S55oW9Ui8GEVgAdczDAxXN44QSmto--nGvgAFexLRvjaUvHVpmCfqmnt5djxD14abK0gh2s.webp",
    "caption": "Sample"
  }
},
{
  "model": "services.servicephoto",
  "pk": 4,
  "fields": {
    "service": 4,
    "photo_url": "https://khatabook-assets.s3.amazonaws.com/media/post/yfn_CzJ6LyTK4iZKE9RD3tWIW5nu7mhg9uEPnDJsFHDDrnqTj2Dl_m_8Q8Y6e3U8S55oW9Ui8GEVgAdczDAxXN44QSmto--nGvgAFexLRvjaUvHVpmCfqmnt5djxD14abK0gh2s.webp",
    "caption": "Sample"
  }
},
{
  "model": "services.servicephoto",
  "pk": 5,
  "fields": {
    "service": 5,
    "photo_url": "https://khatabook-assets.s3.amazonaws.com/media/post/yfn_CzJ6LyTK4iZKE9RD3tWIW5nu7mhg9uEPnDJsFHDDrnqTj2Dl_m_8Q8Y6e3U8S55oW9Ui8GEVgAdczDAxXN44QSmto--nGvgAFexLRvjaUvHVpmCfqmnt5djxD14abK0gh2s.webp",
    "caption": "Sample"
  }
},
{
  "model": "services.servicephoto",
  "pk": 6,
  "fields": {
    "service": 6,
    "photo_url": "https://khatabook-assets.s3.amazonaws.com/media/post/yfn_CzJ6LyTK4iZKE9RD3tWIW5nu7mhg9uEPnDJsFHDDrnqTj2Dl_m_8Q8Y6e3U8S55oW9Ui8GEVgAdczDAxXN44QSmto--nGvgAFexLRvjaUvHVpmCfqmnt5djxD14abK0gh2s.webp",
    "caption": "Sample"
  }
},
{
  "model": "services.servicephoto",
  "pk": 7,
  "fields": {
    "service": 7,
    "photo_url": "https://khatabook-assets.s3.amazonaws.com/media/post/yfn_CzJ6LyTK4iZKE9RD3tWIW5nu7mhg9uEPnDJsFHDDrnqTj2Dl_m_8Q8Y6e3U8S55oW9Ui8GEVgAdczDAxXN44QSmto--nGvgAFexLRvjaUvHVpmCfqmnt5djxD14abK0gh2s.webp",
    "caption": "Sample"
  }
},
{
  "model": "services.servicephoto",
  "pk": 8,
  "fields": {
    "service": 8,
    "photo_url": "https://khatabook-assets.s3.amazonaws.com/media/post/yfn_CzJ6LyTK4iZKE9RD3tWIW5nu7mhg9uEPnDJsFHDDrnqTj2Dl_m_8Q8Y6e3U8S55oW9Ui8GEVgAdczDAxXN44QSmto--nGvgAFexLRvjaUvHVpmCfqmnt5djxD14abK0gh2s.webp",
    "caption": "Sample"
  }
}
]
